{
  "users": [
    {
      "id": "2",
      "name": "Carlos Méndez",
      "email": "carlos@example.com",
      "password": "123",
      "admin": false
    },
    {
      "id": "3",
      "name": "Ximena",
      "email": "x@email.com",
      "password": "123",
      "admin": true
    },
    {
      "id": "4",
      "name": "Laura Torres",
      "email": "laura.torres@gmail.com",
      "password": "123",
      "admin": false
    },
    {
      "id": "5",
      "name": "Julián Pérez",
      "email": "julian.perez@gmail.com",
      "password": "123",
      "admin": false
    },
    {
      "id": "8265",
      "name": "Pepe Pruebas",
      "email": "p@email.com",
      "password": "123",
      "admin": false
    }
  ],
  "enrollments": [
    {
      "id": "4",
      "userId": "5",
      "eventId": "3"
    },
    {
      "id": "1a5f",
      "userId": "2",
      "eventId": "1"
    }
  ],
  "eventss": [
    {
      "id": "1",
      "name": "Halloween Party",
      "description": "A big event",
      "capacity": 40,
      "date": "2025-07-10"
    },
    {
      "id": "3",
      "name": "San Valentin Party",
      "description": "A big event",
      "capacity": 770,
      "date": "2025-07-07"
    },
    {
      "id": "4",
      "name": "Xmas Part",
      "description": "A big event",
      "capacity": 8,
      "date": "2025-12-12"
    },
    {
      "id": "d4af",
      "name": "My birthday",
      "description": "It's my birthday",
      "capacity": "0",
      "date": "2025-07-02"
    }
  ]
}